query_id,question,Acc,vIoU,tIoU
keyboard_q1,正在键盘上打字的左手。,0.9807692307692307,0.013484257532613484,0.249185667752443
keyboard_q2,正在积极打字的两只手。,0.9807692307692307,0.016531677219032332,0.249185667752443
keyboard_q3,在整个视频中从未移动的物体。,0.9807692307692307,0.00863958737681735,0.249185667752443
